timestamp,price_usd,ma_6,volatility_12
2025-05-16 03:05:53,103824,,
2025-05-16 03:06:03,103810,,
2025-05-16 03:06:13,103824,,
2025-05-16 03:06:23,103810,,
2025-05-16 03:06:33,103824,,
2025-05-16 03:06:43,103810,103817.0,
2025-05-16 03:07:54,103807,103814.16666666667,
2025-05-16 03:08:04,103807,103813.66666666667,
2025-05-16 03:08:14,103807,103810.83333333333,
2025-05-16 03:08:24,103807,103810.33333333333,
2025-05-16 03:08:34,103807,103807.5,
2025-05-16 03:08:44,103817,103808.66666666667,7.296740658845009
2025-05-16 03:09:55,103792,103806.16666666667,8.579397450056812
2025-05-16 03:10:05,103804,103805.66666666667,8.762869323905816
2025-05-16 03:10:15,103804,103805.16666666667,7.61577310586065
2025-05-16 03:10:25,103804,103804.66666666667,7.669301260097268
2025-05-16 03:10:35,103792,103802.16666666667,6.9391292790563215
2025-05-16 03:10:45,103792,103798.0,7.63167244071389
2025-05-16 03:11:56,103777,103795.5,10.641542380798878
2025-05-16 03:12:06,103777,103791.0,12.434068545972604
2025-05-16 03:12:16,103777,103786.5,13.503086067014758
2025-05-16 03:12:26,103777,103782.0,14.015143325135519
2025-05-16 03:12:36,103777,103779.5,14.0313501801713
2025-05-16 03:12:46,103777,103777.0,11.828317332100927
2025-05-16 03:13:57,103782,103777.83333333333,11.834720362577173
2025-05-16 03:14:07,103782,103778.66666666667,10.538529596694916
2025-05-16 03:14:17,103782,103779.5,8.644493780848753
2025-05-16 03:14:27,103782,103780.33333333333,5.5732042902199765
2025-05-16 03:14:37,103782,103781.16666666667,4.438126822987753
2025-05-16 03:14:47,103785,103782.5,2.9886147596847366
2025-05-16 03:15:58,103781,103782.33333333333,2.8749176536257677
2025-05-16 03:16:08,103781,103782.16666666667,2.712205856131021
2025-05-16 03:16:18,103781,103782.0,2.490892501597049
2025-05-16 03:16:28,103775,103780.83333333333,2.8109633849425917
2025-05-16 03:16:38,103781,103780.66666666667,2.5746432527154486
2025-05-16 03:16:48,103775,103779.0,2.895921897484181
2025-05-16 03:17:59,103766,103776.5,5.107184482012553
2025-05-16 03:18:09,103766,103774.0,6.316764611057749
2025-05-16 03:18:19,103766,103771.5,7.059809423130208
2025-05-16 03:18:29,103756,103768.33333333333,9.01975945389046
2025-05-16 03:18:39,103766,103765.83333333333,9.006310918662257
2025-05-16 03:18:49,103756,103762.66666666667,9.446820853727985
2025-05-16 03:20:00,103740,103758.33333333333,12.391040262542452
2025-05-16 03:20:10,103724,103751.33333333333,16.837908169225507
2025-05-16 03:20:20,103724,103744.33333333333,19.085731621169156
2025-05-16 03:20:30,103740,103741.66666666667,18.911276097518357
2025-05-16 03:20:40,103740,103737.33333333333,17.432771298672872
2025-05-16 03:21:51,103712,103730.0,19.14221101191513
2025-05-16 03:22:01,103712,103725.33333333333,20.404247923750948
2025-05-16 03:22:11,103712,103723.33333333333,20.544113659664976
2025-05-16 03:22:21,103712,103721.33333333333,19.585863795267365
2025-05-16 03:22:31,103712,103716.66666666667,18.963281904955686
2025-05-16 03:22:42,103712,103712.0,15.523198670716084
2025-05-16 03:23:52,103702,103710.33333333333,13.279056191394908
2025-05-16 03:24:02,103698,103708.0,13.110255065395698
2025-05-16 03:24:12,103698,103705.66666666667,13.912061477236353
2025-05-16 03:24:22,103698,103703.33333333333,14.316762796479818
2025-05-16 03:24:32,103697,103700.83333333333,11.947803145392394
2025-05-16 03:24:42,103697,103698.33333333333,7.246733851625266
2025-05-16 03:25:53,103697,103697.5,7.254570137502029
2025-05-16 03:26:03,103695,103697.0,7.192167456923707
2025-05-16 03:26:13,103695,103696.5,6.8152013688621755
2025-05-16 03:26:23,103693,103695.66666666667,6.2304238876179285
2025-05-16 03:26:33,103695,103695.33333333333,4.925967064080494
2025-05-16 03:26:43,103693,103694.66666666667,2.504541330067176
2025-05-16 03:27:54,103693,103694.0,2.0056737705911893
2025-05-16 03:28:04,103683,103692.0,4.078769868197216
2025-05-16 03:28:14,103683,103690.0,5.083395429464802
2025-05-16 03:28:24,103683,103688.33333333333,5.624621199493314
2025-05-16 03:28:34,103683,103686.33333333333,5.9365330154799505
2025-05-16 03:28:45,103668,103682.16666666667,8.532913105270687
2025-05-16 03:29:55,103667,103677.83333333333,10.04949870610179
2025-05-16 03:30:05,103667,103675.16666666667,10.958254118922282
2025-05-16 03:30:16,103667,103672.5,11.282528730168027
2025-05-16 03:30:26,103671,103670.5,10.983113760699641
2025-05-16 03:30:36,103671,103668.5,10.031390127023336
2025-05-16 03:30:46,103667,103668.33333333333,9.126634349379914
2025-05-16 03:31:56,103671,103669.0,7.254570137553217
2025-05-16 03:32:07,103675,103670.33333333333,6.6349624923313675
2025-05-16 03:32:17,103675,103671.66666666667,5.8691540871666215
2025-05-16 03:32:27,103675,103672.33333333333,4.8889175850555295
2025-05-16 03:32:37,103675,103673.0,3.5194266064716353
2025-05-16 03:32:47,103678,103674.83333333333,3.9648073057370845
2025-05-16 03:33:58,103678,103676.0,4.078769868261661
2025-05-16 03:34:08,103692,103678.83333333333,6.612087187224181
2025-05-16 03:34:18,103692,103681.66666666667,7.831560083086636
2025-05-16 03:34:28,103692,103684.5,8.743395776159314
2025-05-16 03:34:38,103692,103687.33333333333,9.212968461918862
2025-05-16 03:34:48,103692,103689.66666666667,8.78143703302906
2025-05-16 03:35:59,103699,103693.16666666667,9.228989241812231
2025-05-16 03:36:09,103703,103695.0,10.085618323670127
2025-05-16 03:36:19,103721,103699.83333333333,13.356135804830634
2025-05-16 03:36:29,103703,103701.66666666667,12.7881929446022
2025-05-16 03:36:39,103721,103706.5,13.734219594829366
2025-05-16 03:36:49,103721,103711.33333333333,13.957728390327256
2025-05-16 03:37:59,103726,103715.83333333333,13.800526999149795
2025-05-16 03:38:09,103726,103719.66666666667,14.474638217057235
2025-05-16 03:38:20,103730,103721.16666666667,14.96359217930311
2025-05-16 03:38:30,103726,103725.0,14.348476848714107
2025-05-16 03:38:40,103730,103726.5,13.372291569410855
2025-05-16 03:38:50,103730,103728.0,11.396437508178614
2025-05-16 03:39:00,103730,103728.66666666667,9.668364532133307
2025-05-16 03:40:10,103728,103729.0,7.6197510497052985
2025-05-16 03:40:20,103734,103729.66666666667,8.016554840704256
2025-05-16 03:40:30,103728,103730.0,3.801913393727523
2025-05-16 03:40:41,103734,103730.66666666667,3.629633924115988
2025-05-16 03:40:51,103734,103731.33333333333,3.0550504631129343
2025-05-16 03:41:01,103734,103732.0,3.0550504631129343
2025-05-16 03:42:11,103735,103733.16666666667,2.9987371077284157
2025-05-16 03:42:21,103735,103733.33333333333,3.1766191288477854
2025-05-16 03:42:32,103735,103734.5,2.8001623327558143
2025-05-16 03:42:42,103733,103734.33333333333,2.7136021009941182
2025-05-16 03:42:52,103733,103734.16666666667,2.5980762111402584
2025-05-16 03:43:02,103733,103734.0,2.449489742558749
2025-05-16 03:43:12,103733,103733.66666666667,1.8809249817025517
2025-05-16 03:44:23,103733,103733.33333333333,1.8748737328322724
2025-05-16 03:44:33,103734,103733.16666666667,0.8348471092888163
2025-05-16 03:44:43,103733,103733.16666666667,0.8660254031595579
2025-05-16 03:44:53,103733,103733.16666666667,0.8876253639894112
2025-05-16 03:45:03,103733,103733.16666666667,0.9003366367785217
2025-05-16 03:45:13,103733,103733.16666666667,0.7929614604202702
2025-05-16 03:45:23,103737,103733.83333333333,1.240112408934705
2025-05-16 03:45:33,103733,103733.66666666667,1.1645001524192664
2025-05-16 03:46:44,103739,103734.66666666667,1.9752253416799224
2025-05-16 03:46:54,103739,103735.66666666667,2.429303429050539
2025-05-16 03:47:04,103739,103736.66666666667,2.7122058559268027
2025-05-16 03:47:14,103739,103737.66666666667,2.874917653428593
2025-05-16 03:47:24,103739,103738.0,2.9374798514393063
2025-05-16 03:47:34,103739,103739.0,2.994945236311936
2025-05-16 03:47:44,103743,103739.66666666667,3.3529724486230887
2025-05-16 03:48:55,103759,103743.0,6.91944996929624
2025-05-16 03:49:05,103759,103746.33333333333,8.618162638958603
2025-05-16 03:49:15,103759,103749.66666666667,9.509166231751664
2025-05-16 03:49:25,103769,103754.66666666667,11.70340535778265
2025-05-16 03:49:35,103759,103758.0,11.41370786692955
2025-05-16 03:49:45,103769,103762.33333333333,12.387677161334066
2025-05-16 03:50:55,103766,103763.5,12.461759688917963
2025-05-16 03:51:05,103766,103764.66666666667,12.086807233086507
2025-05-16 03:51:16,103766,103765.83333333333,11.217883449643802
2025-05-16 03:51:26,103766,103765.33333333333,9.723448696030681
2025-05-16 03:51:36,103766,103766.5,7.225271306562655
2025-05-16 03:51:46,103770,103766.66666666667,4.2958754001294785
2025-05-16 03:52:56,103770,103767.33333333333,4.187825066400069
2025-05-16 03:53:06,103776,103769.0,4.667748792166312
2025-05-16 03:53:16,103776,103770.66666666667,4.653932843089174
2025-05-16 03:53:26,103776,103772.33333333333,5.166911040056029
2025-05-16 03:53:36,103784,103775.33333333333,5.838093295947486
2025-05-16 03:53:47,103784,103777.66666666667,6.899714530681999
2025-05-16 03:54:57,103784,103780.0,7.377278795265114
2025-05-16 03:55:07,103784,103781.33333333333,7.50555349938533
2025-05-16 03:55:17,103790,103783.66666666667,8.020806276935305
2025-05-16 03:55:27,103790,103786.0,7.975340782990461
2025-05-16 03:55:38,103799,103788.5,8.680786865531676
2025-05-16 03:55:48,103790,103789.5,8.084309531727778
2025-05-16 03:56:58,103803,103792.66666666667,8.637479991572409
2025-05-16 03:57:08,103803,103795.83333333333,9.199390625338603
2025-05-16 03:57:18,103803,103798.0,9.14363497767
2025-05-16 03:57:28,103803,103800.16666666667,8.458006785686637
2025-05-16 03:57:38,103838,103806.66666666667,15.011863995018699
2025-05-16 03:57:49,103838,103814.66666666667,18.302798262597715
2025-05-16 03:58:59,103838,103820.5,20.0111711225494
2025-05-16 03:59:09,103853,103828.83333333333,22.668894721134166
2025-05-16 03:59:19,103853,103837.16666666667,24.26541996462726
2025-05-16 03:59:29,103853,103845.5,24.56839556432768
2025-05-16 03:59:39,103853,103848.0,24.750879996583958
2025-05-16 03:59:49,103857,103851.16666666667,23.062990160663034
2025-05-16 04:01:01,103857,103854.33333333333,21.93568422510824
2025-05-16 04:01:11,103869,103857.0,20.764735549093647
2025-05-16 04:01:21,103869,103859.66666666667,17.75314739486845
2025-05-16 04:01:31,103857,103860.33333333333,10.595525070280408
2025-05-16 04:01:41,103869,103863.0,10.40541816903808
2025-05-16 04:02:52,103875,103866.0,10.22882143155234
2025-05-16 04:03:02,103875,103869.0,8.957813586033959
2025-05-16 04:03:12,103876,103870.16666666667,9.385272150179977
2025-05-16 04:03:22,103875,103871.16666666667,9.278110439784083
2025-05-16 04:03:32,103876,103874.33333333333,8.845474788941537
2025-05-16 04:03:42,103870,103874.5,7.617265078229746
2025-05-16 04:19:12,103928,103883.33333333333,18.06721457289676
2025-05-16 04:19:22,103928,103892.16666666667,22.769430596643367
2025-05-16 04:34:32,103876,103892.16666666667,22.53414916934342
2025-05-16 04:34:43,103876,103892.33333333333,22.27972988244341
2025-05-16 04:34:53,103876,103892.33333333333,20.999278486839188
2025-05-16 04:35:03,103876,103893.33333333333,20.659395103891384
2025-05-16 04:50:13,103661,103848.83333333333,67.75015375136104
2025-05-16 04:50:23,103661,103804.33333333333,89.77459146511465
2025-05-16 05:05:34,103647,103766.16666666667,106.17980747370873
2025-05-16 05:05:44,103647,103728.0,117.07327412845079
2025-05-16 05:05:54,103647,103689.83333333333,123.83527059133657
2025-05-16 05:14:15,103687,103658.33333333333,124.49960447791828
2025-05-16 05:14:26,103688,103662.83333333333,116.87665085533472
2025-05-16 05:14:36,103688,103667.33333333333,104.62993951271483
2025-05-16 05:14:46,103688,103674.16666666667,95.40233781526321
2025-05-16 05:14:56,103688,103681.0,81.97726957691397
2025-05-16 05:15:06,103688,103687.83333333333,61.67190804928638
2025-05-16 05:15:16,103688,103688.0,18.736611381950112
2025-05-16 05:15:26,103690,103688.33333333333,18.894243151280435
2025-05-16 05:15:36,103690,103688.66666666667,18.713145598716554
2025-05-16 05:16:47,103694,103689.66666666667,16.412070576940874
2025-05-16 05:16:57,103694,103690.66666666667,12.45233335871093
2025-05-16 05:17:07,103694,103691.66666666667,2.70100991496848
2025-05-16 05:17:17,103694,103692.66666666667,2.806917863782647
2025-05-16 05:17:27,103692,103693.0,2.7413776701409036
2025-05-16 05:17:37,103692,103693.33333333333,2.6285149655745625
2025-05-16 05:17:47,103692,103693.0,2.4618298226564606
2025-05-16 05:18:58,103691,103692.5,2.2343733478318297
2025-05-16 05:19:08,103691,103692.0,1.9462473642678915
2025-05-16 05:19:19,103691,103691.5,1.5642792947464945
2025-05-16 05:19:29,103691,103691.33333333333,1.4668044063563037
2025-05-16 05:27:16,103698,103692.33333333333,2.0816660030393828
2025-05-16 05:30:18,103684,103691.0,3.2473765658587017
2025-05-16 05:30:29,103684,103689.83333333333,3.9041547430425
2025-05-16 05:30:49,103684,103688.66666666667,4.292346961699269
2025-05-16 05:31:20,103679,103686.66666666667,5.212891945922969
2025-05-16 05:37:26,103679,103684.66666666667,5.862050526863604
2025-05-16 05:37:36,103679,103681.5,6.244391424191565
2025-05-16 05:37:46,103680,103680.83333333333,6.316764612347776
2025-05-16 05:37:57,103679,103680.0,6.388317938010063
2025-05-16 05:38:32,103682,103679.66666666667,6.13237805608106
2025-05-16 05:38:42,103682,103680.16666666667,5.7597085378549435
2025-05-16 05:38:52,103680,103680.33333333333,5.300085764200694
2025-05-16 05:39:02,103682,103680.83333333333,2.081666003602605
2025-05-16 05:39:12,103682,103681.16666666667,1.9069251830142284
2025-05-16 06:14:41,103608,103669.33333333333,21.059799418167287
2025-05-16 06:47:16,103500,103639.0,54.33788789258146
2025-05-16 07:20:32,103662,103635.66666666667,53.99908809574859
2025-05-16 07:20:42,103675,103634.83333333333,53.869300303349554
2025-05-16 07:20:52,103662,103631.5,53.47698457101922
2025-05-16 07:54:22,103584,103615.16666666667,56.672637831765016
2025-05-16 08:11:52,103535,103603.0,64.28464164588377
2025-05-16 08:12:02,103535,103608.83333333333,68.61679933909625
2025-05-16 08:12:13,103535,103587.66666666667,70.40316797300291
2025-05-16 08:12:23,103531,103563.66666666667,70.39515091793014
2025-05-16 08:12:33,103531,103541.83333333333,67.7030056181399
2025-05-16 08:12:43,103531,103533.0,62.1807604467175
2025-05-16 08:13:54,103524,103531.16666666667,62.74111068297491
2025-05-16 08:14:04,103524,103529.33333333333,60.75952350871154
2025-05-16 08:14:14,103524,103527.5,54.289557565374565
2025-05-16 08:14:24,103518,103525.33333333333,40.61683484428088
2025-05-16 08:14:38,103518,103523.16666666667,17.359828236647097
2025-05-16 08:14:48,103518,103521.0,6.809084843558457
2025-05-16 08:15:59,103524,103521.0,6.359793215211998
2025-05-16 08:16:09,103524,103521.0,5.7181264187144
2025-05-16 08:16:19,103524,103521.0,4.807664340115447
2025-05-16 08:16:29,103524,103522.0,4.313474313095285
2025-05-16 08:16:40,103542,103526.0,6.584531923346322
2025-05-16 08:16:50,103542,103530.0,8.140806306261258
2025-05-16 08:17:00,103542,103533.0,9.400193423897848
2025-05-16 08:18:11,103539,103535.5,9.946447517814391
2025-05-16 08:18:21,103539,103538.0,10.300044132599327
2025-05-16 08:18:31,103526,103538.33333333333,9.731236804200575
2025-05-16 08:18:41,103526,103535.66666666667,9.073771728210742
2025-05-16 08:18:51,103526,103533.0,8.306623865461104
2025-05-16 08:19:01,103526,103530.33333333333,8.161253619897195
2025-05-16 08:19:12,103526,103528.16666666667,8.009464101531039
2025-05-16 08:20:23,103521,103525.16666666667,8.317105413933765
2025-05-16 08:20:33,103521,103524.33333333333,8.605847204249926
2025-05-16 08:20:43,103521,103523.5,8.371578905793507
2025-05-16 08:20:53,103521,103522.66666666667,7.7087121146884074
2025-05-16 08:21:03,103521,103521.83333333333,6.4871668220069125
2025-05-16 08:21:13,103521,103521.0,5.177895914759385
2025-05-16 08:21:24,103521,103521.0,2.574643261219223
2025-05-16 08:21:34,103516,103520.16666666667,3.107907809604885
2025-05-16 08:22:44,103503,103517.16666666667,6.169327848713148
2025-05-16 08:22:55,103503,103514.16666666667,7.645061787958414
2025-05-16 08:23:05,103503,103511.16666666667,8.415353935716901
2025-05-16 08:23:15,103503,103508.16666666667,8.670308095443618
2025-05-16 08:23:25,103503,103505.16666666667,9.009674936992583
2025-05-16 08:23:35,103505,103503.33333333333,8.915002679395977
2025-05-16 08:23:45,103505,103503.66666666667,8.596599048357607
2025-05-16 08:24:56,103504,103503.83333333333,8.079153874002134
2025-05-16 08:25:06,103504,103504.0,7.229464126931395
2025-05-16 08:25:16,103504,103504.16666666667,5.905826608238571
2025-05-16 08:25:26,103504,103504.33333333333,3.6212755227671205
2025-05-16 08:25:36,103496,103502.83333333333,2.353269818029376
2025-05-16 08:25:46,103496,103501.33333333333,3.118857607520024
2025-05-16 08:26:57,103489,103498.83333333333,4.9787426963946295
2025-05-16 08:27:07,103489,103496.33333333333,6.072790785802362
2025-05-16 08:27:17,103489,103493.83333333333,6.782329986784588
2025-05-16 08:27:27,103482,103490.16666666667,8.214455111408368
2025-05-16 08:27:38,103489,103489.0,8.14034099811371
2025-05-16 08:27:48,103482,103486.66666666667,8.506681868658285
2025-05-16 08:28:58,103471,103483.66666666667,10.154488486146228
2025-05-16 08:29:08,103471,103480.66666666667,10.833449885239373
2025-05-16 08:29:19,103471,103477.66666666667,10.72910231178311
2025-05-16 08:29:29,103467,103475.16666666667,10.316212603379538
2025-05-16 08:29:39,103467,103471.5,10.305558961505024
2025-05-16 08:29:49,103467,103469.0,9.656211694942314
2025-05-16 08:31:00,103464,103467.83333333333,9.72461731246116
2025-05-16 08:31:10,103464,103466.66666666667,9.296463977256339
2025-05-16 08:31:20,103464,103465.5,8.295215857188829
2025-05-16 08:31:30,103464,103465.0,7.856188454133258
2025-05-16 08:31:40,103464,103464.5,5.274294443423215
2025-05-16 08:32:51,103467,103464.5,2.8959219075205374
2025-05-16 08:33:01,103467,103465.0,2.5746432640224466
2025-05-16 08:33:11,103467,103465.5,2.151461813994135
2025-05-16 08:33:21,103467,103466.0,1.5447859705288414
2025-05-16 08:33:31,103466,103466.33333333333,1.4974726377547858
2025-05-16 08:33:41,103467,103466.83333333333,1.4974726377547858
2025-05-16 08:34:52,103456,103465.0,3.107907811969553
2025-05-16 08:35:02,103456,103463.16666666667,4.010403145830613
2025-05-16 08:35:12,103456,103461.33333333333,4.640892031363172
2025-05-16 08:35:22,103456,103459.5,5.101247625017601
2025-05-16 08:35:33,103454,103457.5,5.664215161211798
2025-05-16 08:35:43,103456,103455.66666666667,5.863988718921511
2025-05-16 08:36:53,103446,103454.0,7.012974992210587
2025-05-16 08:37:03,103446,103452.33333333333,7.569376104098005
2025-05-16 08:37:14,103446,103450.66666666667,7.663372155089112
2025-05-16 08:37:24,103446,103449.0,7.312815653881983
2025-05-16 08:37:34,103446,103447.66666666667,6.639528100247878
2025-05-16 08:37:44,103446,103446.0,5.07817672484894
2025-05-16 08:38:55,103436,103444.33333333333,6.350852965900238
2025-05-16 08:39:05,103436,103442.66666666667,6.987000921681743
2025-05-16 08:39:15,103436,103441.0,7.15838140252975
2025-05-16 08:39:25,103436,103439.33333333333,6.89971453525119
2025-05-16 08:39:35,103436,103437.66666666667,6.513389477556273
2025-05-16 08:39:45,103415,103432.5,9.11666805506278
2025-05-16 08:40:56,103415,103429.0,11.187113801799642
2025-05-16 08:41:06,103408,103424.33333333333,13.453624049426983
2025-05-16 08:41:16,103408,103419.66666666667,14.661844939619893
2025-05-16 08:41:26,103408,103415.0,15.068530323983621
2025-05-16 08:41:36,103408,103410.33333333333,14.740173924936283
2025-05-16 08:41:47,103408,103409.16666666667,13.623731525213056
2025-05-16 08:42:57,103402,103407.0,13.717937827792317
2025-05-16 08:43:07,103402,103406.0,13.162158801205926
2025-05-16 08:43:17,103402,103405.0,11.865406813674975
2025-05-16 08:43:28,103402,103404.0,9.529857390577373
2025-05-16 08:43:38,103402,103403.0,4.83045892233106
2025-05-16 08:43:48,103402,103402.0,4.209477050281137
2025-05-16 08:44:58,103388,103399.66666666667,5.678241304305069
2025-05-16 08:45:09,103360,103392.66666666667,13.546776427741774
2025-05-16 08:45:19,103360,103385.66666666667,17.3170086316156
2025-05-16 08:45:29,103360,103378.66666666667,19.527758022942706
2025-05-16 08:45:39,103360,103371.66666666667,20.685231155310397
2025-05-16 08:45:49,103360,103364.66666666667,20.964616657252993
2025-05-16 08:47:00,103358,103359.66666666667,21.248885890468316
2025-05-16 08:47:10,103335,103355.5,23.52738572089708
2025-05-16 08:47:20,103335,103351.33333333333,24.23933692613024
2025-05-16 08:47:30,103335,103347.16666666667,23.52738572094213
2025-05-16 08:47:40,103335,103343.0,21.248885890568076
2025-05-16 08:48:51,103332,103338.33333333333,17.06937715442878
2025-05-16 08:49:01,103332,103334.0,13.455876267940202
2025-05-16 08:49:11,103332,103333.5,13.392670997289768
2025-05-16 08:49:21,103332,103333.0,12.875864198817192
2025-05-16 08:49:32,103332,103332.5,11.846237099278234
2025-05-16 08:49:42,103332,103332.0,10.14889156900703
2025-05-16 08:50:52,103344,103334.0,7.673251459355881
2025-05-16 08:51:02,103344,103336.0,4.431293684277376
2025-05-16 08:51:13,103344,103338.0,5.136765880994179
2025-05-16 08:51:23,103347,103340.5,6.062177833053071
2025-05-16 08:51:33,103347,103343.0,6.703120039291652
2025-05-16 08:51:43,103347,103345.5,7.136653155431177
2025-05-16 08:52:54,103348,103346.16666666667,7.254570142854861
2025-05-16 08:53:04,103348,103346.83333333333,7.1026030281501304
2025-05-16 08:53:14,103348,103347.5,6.662309187855382
2025-05-16 08:53:24,103349,103347.83333333333,5.936533021918553
2025-05-16 08:53:34,103349,103348.16666666667,4.660439576615597
2025-05-16 08:53:44,103349,103348.5,1.954016861611358
2025-05-16 08:54:55,103348,103348.5,1.7232808961116386
2025-05-16 08:55:05,103348,103348.5,1.3706888618223492
2025-05-16 08:55:15,103348,103348.5,0.7385489980516157
2025-05-16 08:55:25,103355,103349.5,2.1033883381804577
2025-05-16 08:55:35,103355,103350.5,2.7080128157338517
2025-05-16 08:55:45,103355,103351.5,3.0451153261365227
2025-05-16 08:56:56,103374,103355.83333333333,7.493431472156653
2025-05-16 08:57:06,103374,103360.16666666667,9.63264651401091
2025-05-16 08:57:16,103374,103364.5,10.917042560028078
2025-05-16 08:57:26,103383,103369.16666666667,13.005826203157056
2025-05-16 08:57:37,103383,103373.83333333333,14.198804903259061
2025-05-16 08:57:47,103383,103378.5,14.715483499353333
2025-05-16 08:58:57,103367,103377.33333333333,13.707717360142716
2025-05-16 08:59:08,103367,103376.16666666667,12.401124096696947
2025-05-16 08:59:18,103367,103375.0,10.686652681175463
2025-05-16 08:59:28,103367,103372.33333333333,9.696531717375617
2025-05-16 08:59:38,103373,103370.66666666667,8.335302801958367
2025-05-16 08:59:48,103373,103369.0,6.326351819611506
2025-05-16 09:00:59,103380,103371.16666666667,6.579928162080077
2025-05-16 09:01:09,103373,103372.16666666667,6.5897073149677
2025-05-16 09:01:19,103373,103373.16666666667,6.598323943289918
2025-05-16 09:01:29,103380,103375.33333333333,6.278872709094408
2025-05-16 09:01:39,103380,103376.5,5.930787679310606
2025-05-16 09:01:49,103380,103377.66666666667,5.548682623898435
2025-05-16 09:03:00,103353,103373.16666666667,7.952510566829062
2025-05-16 09:03:10,103353,103369.83333333333,9.62950013243857
2025-05-16 09:03:20,103353,103366.5,10.91981796167128
2025-05-16 09:03:30,103353,103362.0,11.949388221232546
2025-05-16 09:03:41,103353,103357.5,12.663476475194647
2025-05-16 09:04:51,103342,103351.16666666667,14.374588270746274
2025-05-16 09:05:01,103342,103349.33333333333,14.808627708899119
2025-05-16 09:05:11,103342,103347.5,15.269299762179816
2025-05-16 09:05:22,103342,103345.66666666667,15.246211653168137
2025-05-16 09:05:32,103338,103343.16666666667,14.028920348246597
2025-05-16 09:05:42,103338,103340.66666666667,11.595126983972222
2025-05-16 09:06:52,103308,103335.0,12.716905954212262
2025-05-16 09:07:03,103283,103325.16666666667,21.06753210916225
2025-05-16 09:07:13,103283,103315.33333333333,25.52880132420072
2025-05-16 09:07:23,103308,103309.66666666667,25.374766756767585
2025-05-16 09:07:33,103308,103304.66666666667,24.603984650628732
2025-05-16 09:07:43,103283,103295.5,25.368048385149788
2025-05-16 09:08:54,103277,103290.33333333333,26.701492412486004
2025-05-16 09:09:04,103277,103289.33333333333,26.802730527348796
2025-05-16 09:09:14,103277,103288.33333333333,25.68633642375225
2025-05-16 09:09:24,103254,103279.33333333333,25.738192351876737
2025-05-16 09:09:34,103277,103274.16666666667,22.137825851287136
2025-05-16 09:09:44,103254,103269.33333333333,18.33257574437157
2025-05-16 09:10:55,103238,103262.83333333333,20.464862720072926
2025-05-16 09:11:05,103238,103256.33333333333,23.131377091563216
2025-05-16 09:11:15,103238,103249.83333333333,24.912422362567074
2025-05-16 09:11:25,103238,103247.16666666667,23.10106255136956
2025-05-16 09:11:36,103235,103240.16666666667,19.590504814378786
2025-05-16 09:11:46,103235,103237.0,18.717193524359352
2025-05-16 09:12:56,103225,103234.83333333333,18.717193524379567
2025-05-16 09:13:06,103219,103231.66666666667,18.265715527539946
2025-05-16 09:13:17,103219,103228.5,16.30857740783388
2025-05-16 09:13:27,103219,103225.33333333333,16.54264461950598
2025-05-16 09:13:37,103225,103223.66666666667,10.663943785892085
2025-05-16 09:13:47,103219,103221.0,8.675985671506481
2025-05-16 09:14:58,103211,103218.66666666667,9.583366276560747
2025-05-16 09:15:08,103211,103217.33333333333,9.867301376962512
2025-05-16 09:15:18,103202,103214.5,10.81665383104452
2025-05-16 09:15:28,103202,103211.66666666667,10.816653831065619
2025-05-16 09:15:38,103211,103209.33333333333,9.64365076625086
2025-05-16 09:15:48,103202,103206.5,8.529361060586814
2025-05-16 09:16:59,103175,103200.5,13.3720083070235
2025-05-16 09:17:09,103173,103194.16666666667,16.62487184129451
2025-05-16 09:17:19,103175,103189.66666666667,18.213173723251806
2025-05-16 09:17:29,103173,103184.83333333333,19.145970383410056
2025-05-16 09:17:39,103173,103178.5,18.41174691188663
2025-05-16 09:17:50,103173,103173.66666666667,17.479641841110592
2025-05-16 09:18:00,103173,103173.33333333333,16.773671652690037
2025-05-16 09:19:10,103181,103174.66666666667,14.999747476175425
2025-05-16 09:19:21,103162,103172.5,15.180479893735699
2025-05-16 09:19:31,103181,103173.83333333333,13.686976782355687
2025-05-16 09:19:41,103181,103175.16666666667,9.466047787426108
2025-05-16 09:19:51,103162,103173.33333333333,6.317364246057404
2025-05-16 09:20:01,103162,103171.5,7.1026030302576055
2025-05-16 09:21:12,103151,103166.5,9.404624915739168
2025-05-16 09:21:22,103151,103164.66666666667,10.824705193832292
2025-05-16 09:21:32,103107,103152.33333333333,20.66819398337416
2025-05-16 09:21:42,103151,103147.33333333333,20.684315536207382
2025-05-16 09:21:52,103151,103145.5,20.522530120213244
2025-05-16 09:22:02,103107,103136.33333333333,24.923367399610246
2025-05-16 09:22:12,103107,103129.0,26.704187620603278
2025-05-16 09:23:23,103093,103119.33333333333,30.513782282840733
2025-05-16 09:23:33,103062,103111.83333333333,35.59994467301127
2025-05-16 09:23:43,103093,103102.16666666667,33.61581067577391
2025-05-16 09:23:54,103093,103092.5,32.549263364512626
2025-05-16 09:24:04,103062,103085.0,33.33121205550515
2025-05-16 09:24:14,103062,103077.5,33.442284069079875
2025-05-16 09:24:24,103045,103069.5,33.68155236653117
2025-05-16 09:24:34,103062,103069.5,34.64451506899137
2025-05-16 09:25:45,103042,103061.0,31.53773593655447
2025-05-16 09:25:55,103045,103053.0,24.353924457684556
2025-05-16 09:26:05,103042,103049.66666666667,23.247026531416335
2025-05-16 09:26:15,103042,103046.33333333333,20.5844528005728
2025-05-16 09:26:25,103042,103045.83333333333,18.768122558549578
2025-05-16 09:26:35,103042,103042.5,19.23065734572964
2025-05-16 09:26:45,103042,103042.5,15.60375829276006
2025-05-16 09:27:56,103037,103041.16666666667,9.209267408066898
2025-05-16 09:28:06,103022,103037.83333333333,10.471823673200115
2025-05-16 09:28:16,103022,103034.5,10.500721482333132
2025-05-16 09:28:27,103022,103031.16666666667,11.626771620561566
2025-05-16 09:28:37,103022,103027.83333333333,9.879577963748817
2025-05-16 09:28:47,103022,103024.5,10.30004413714209
2025-05-16 09:29:57,103017,103021.16666666667,10.624442950835567
2025-05-16 09:30:08,103020,103020.83333333333,10.4823083343344
2025-05-16 09:30:18,103020,103020.5,9.977246848867113
2025-05-16 09:30:28,103020,103020.16666666667,9.04868985086064
2025-05-16 09:30:38,103020,103019.83333333333,7.54180270343653
2025-05-16 09:30:48,103022,103019.83333333333,4.914419120378943
2025-05-16 09:31:59,103022,103020.66666666667,1.564279334557337
2025-05-16 09:32:09,102962,103011.0,17.04783822130041
2025-05-16 09:32:19,102962,103001.33333333333,22.89683715401084
2025-05-16 09:32:29,102962,102991.66666666667,26.52086085988732
2025-05-16 09:32:39,102962,102982.0,28.773277798962486
2025-05-16 09:32:49,102962,102972.0,29.965004843943937
2025-05-16 09:34:00,102953,102960.5,31.526203629663463
2025-05-16 09:34:10,102951,102958.66666666667,31.96257281188678
2025-05-16 09:34:20,102951,102956.83333333333,31.259786348836627
2025-05-16 09:34:30,102951,102955.0,29.33608802751887
2025-05-16 09:34:41,102951,102953.16666666667,25.921063159240784
2025-05-16 09:35:51,102944,102950.16666666667,20.17855898174715
2025-05-16 09:36:01,102944,102948.66666666667,7.089792075407553
2025-05-16 09:36:11,102947,102948.0,6.984832062805059
2025-05-16 09:36:22,102947,102947.33333333333,6.6258218591781715
2025-05-16 09:36:32,102947,102946.66666666667,5.9670814276705695
2025-05-16 09:36:42,102947,102946.0,4.888917601090537
2025-05-16 09:37:52,102936,102944.66666666667,4.640892042187362
2025-05-16 09:38:03,102936,102943.33333333333,5.325752202591016
2025-05-16 09:38:13,102933,102941.0,6.244998011224765
2025-05-16 09:38:23,102933,102938.66666666667,6.687845160281644
2025-05-16 09:38:33,102933,102936.33333333333,6.748737267556583
2025-05-16 09:38:43,102933,102934.0,6.438520452404927
2025-05-16 09:39:54,102930,102933.0,6.899714542493863
2025-05-16 09:40:04,102930,102932.0,7.126561509597523
2025-05-16 09:40:14,102924,102930.5,7.4726775157034036
2025-05-16 09:40:24,102924,102929.0,7.271780252604523
2025-05-16 09:40:34,102924,102927.5,6.4731379805680955
2025-05-16 09:40:44,102924,102926.0,4.7863442284912505
2025-05-16 09:41:55,102907,102922.16666666667,7.833010964582205
2025-05-16 09:42:05,102907,102918.33333333333,9.330627322238271
2025-05-16 09:42:15,102903,102914.83333333333,10.92397974640916
2025-05-16 09:42:25,102903,102911.33333333333,11.746050278160395
2025-05-16 09:42:35,102903,102907.83333333333,11.956993649651492
2025-05-16 09:42:46,102903,102904.33333333333,11.590225774427196
2025-05-16 09:43:56,102902,102903.5,11.14232988746476
2025-05-16 09:44:06,102902,102902.66666666667,10.104004615062514
2025-05-16 09:44:16,102887,102900.0,11.196252086180406
2025-05-16 09:44:27,102887,102897.33333333333,11.308350368241474
2025-05-16 09:44:37,102887,102894.66666666667,10.471823675082984
2025-05-16 09:44:47,102887,102892.0,8.408149015726552
2025-05-16 09:45:57,102890,102890.0,8.21445511895265
2025-05-16 09:46:08,102890,102888.0,7.738138539281577
2025-05-16 09:46:18,102900,102890.16666666667,7.51311984939343
2025-05-16 09:46:28,102900,102892.33333333333,7.27178025336453
2025-05-16 09:46:38,102900,102894.5,7.012434855221789
2025-05-16 09:46:48,102900,102896.66666666667,6.733003305203004
2025-05-16 09:47:59,102897,102897.83333333333,6.359793225538125
2025-05-16 09:48:09,102897,102899.0,5.931426334072799
2025-05-16 09:48:19,102896,102898.33333333333,5.594234060173647
2025-05-16 09:48:29,102896,102897.66666666667,5.1168172095749025
2025-05-16 09:48:39,102896,102897.0,4.454313557118324
2025-05-16 09:48:49,102896,102896.33333333333,3.503245273567729
2025-05-16 09:50:00,102856,102889.5,12.197863704866556
2025-05-16 09:50:10,102856,102882.66666666667,16.364225583971002
2025-05-16 09:50:20,102856,102876.0,18.86234023030646
2025-05-16 09:50:30,102845,102867.5,21.89835333911624
2025-05-16 09:50:41,102845,102859.0,23.610475336857796
2025-05-16 09:51:51,102816,102845.66666666667,28.45091467130275
2025-05-16 09:52:01,102833,102841.83333333333,29.124601704102194
2025-05-16 09:52:12,102833,102838.0,28.722285722949135
2025-05-16 09:52:22,102833,102834.16666666667,27.3344881533578
2025-05-16 09:52:32,102797,102826.16666666667,28.76498292381271
2025-05-16 09:52:42,102816,102821.33333333333,25.40877920699843
2025-05-16 09:53:53,102799,102818.5,21.094843550677044
2025-05-16 09:54:03,102797,102812.5,21.874989181733614
2025-05-16 09:54:13,102797,102806.5,21.4311794993181
2025-05-16 09:54:23,102799,102800.83333333333,19.500582746677416
2025-05-16 09:54:33,102799,102801.16666666667,18.072245593559074
2025-05-16 09:54:43,102799,102798.33333333333,15.520270231770136
2025-05-16 09:55:54,102794,102797.5,16.01703639048521
2025-05-16 09:56:04,102794,102797.0,14.353491821223017
2025-05-16 09:56:14,102794,102796.5,11.508889852815773
2025-05-16 09:56:24,102794,102795.66666666667,5.986727760731804
2025-05-16 09:56:34,102798,102795.5,5.97469412498784
2025-05-16 09:56:44,102798,102795.33333333333,2.208797878769857
2025-05-16 09:57:55,102804,102797.0,2.9886147915396792
2025-05-16 09:58:05,102803,102798.5,3.4145411257425553
2025-05-16 09:58:15,102803,102800.0,3.7203372536786916
2025-05-16 09:58:25,102804,102801.66666666667,4.07505347157407
2025-05-16 09:58:35,102803,102802.5,4.26401434939928
2025-05-16 09:58:45,102803,102803.33333333333,4.417595692811539
2025-05-16 09:59:56,102815,102805.16666666667,5.9917873244242426
2025-05-16 10:00:06,102815,102807.16666666667,6.753225954705013
2025-05-16 10:00:16,102815,102809.16666666667,6.973434452811491
2025-05-16 10:00:26,102805,102809.33333333333,6.127434596479418
2025-05-16 10:00:37,102815,102811.33333333333,6.200562062054511
2025-05-16 10:00:47,102815,102813.33333333333,5.913518170927606
2025-05-16 10:01:57,102824,102814.83333333333,7.248824369053651
2025-05-16 10:02:07,102824,102816.33333333333,7.910005183679727
2025-05-16 10:02:18,102824,102817.83333333333,8.118441420400883
2025-05-16 10:02:28,102824,102821.0,8.043442663690968
2025-05-16 10:02:38,102834,102824.16666666667,8.729521501276025
2025-05-16 10:02:48,102834,102827.33333333333,8.552865913705
2025-05-16 10:03:59,102840,102830.0,10.049498715281251
2025-05-16 10:04:09,102840,102832.66666666667,10.925366655144177
2025-05-16 10:04:19,102852,102837.33333333333,13.02067121822272
2025-05-16 10:04:29,102840,102840.0,11.309690141366936
2025-05-16 10:04:39,102852,102843.0,11.735403578647018
2025-05-16 10:04:49,102852,102846.0,11.260012387702929
2025-05-16 10:06:00,102868,102850.66666666667,13.6670362174985
2025-05-16 10:06:10,102868,102855.33333333333,14.746340075973949
2025-05-16 10:06:20,102911,102865.16666666667,23.06167620254494
2025-05-16 10:06:30,102868,102869.83333333333,21.798491750659025
2025-05-16 10:06:40,102911,102879.66666666667,26.00815723195585
2025-05-16 10:07:51,102919,102890.83333333333,29.258901782357498
2025-05-16 10:08:01,102919,102899.33333333333,31.112698375017196
2025-05-16 10:08:11,102919,102907.83333333333,31.390381660302243
2025-05-16 10:08:21,102919,102909.16666666667,31.607919992191043
2025-05-16 10:08:31,102919,102917.66666666667,29.011361413758628
2025-05-16 10:08:42,102919,102919.0,26.59232060804116
2025-05-16 10:09:52,102925,102920.0,22.869027622754235
2025-05-16 10:10:02,102925,102921.0,20.14868971264604
2025-05-16 10:10:12,102933,102923.33333333333,16.115821329836674
2025-05-16 10:10:23,102933,102925.66666666667,16.784507652439185
2025-05-16 10:10:33,102933,102928.0,7.056052646610171
2025-05-16 10:10:43,102933,102930.33333333333,6.541244449748265
2025-05-16 10:11:54,102948,102934.16666666667,9.110017804889074
2025-05-16 10:12:04,102948,102938.0,10.509735753908561
2025-05-16 10:12:14,102948,102940.5,11.188129539209246
2025-05-16 10:12:24,102948,102943.0,11.27614807072094
2025-05-16 10:12:34,102948,102945.5,10.78825119271308
2025-05-16 10:12:44,102948,102948.0,9.637364164484051
2025-05-16 10:13:55,102935,102945.83333333333,8.686457598723328
2025-05-16 10:14:05,102935,102943.66666666667,7.51765599604091
2025-05-16 10:14:15,102935,102941.5,7.3484692392098
2025-05-16 10:14:25,102935,102939.33333333333,7.171069835374736
2025-05-16 10:14:35,102935,102937.16666666667,6.98483206293561
2025-05-16 10:14:45,102935,102935.0,6.789028594019303
2025-05-16 10:15:56,102922,102932.83333333333,8.46740632407299
2025-05-16 10:16:06,102922,102930.66666666667,9.330627321945357
2025-05-16 10:16:16,102893,102923.66666666667,15.192452278088755
2025-05-16 10:16:26,102893,102916.66666666667,18.130837622395276
2025-05-16 10:16:37,102893,102909.66666666667,19.51436922434257
2025-05-16 10:16:47,102893,102902.66666666667,19.67385590637821
2025-05-16 10:17:57,102875,102894.83333333333,22.59860548490521
2025-05-16 10:18:08,102875,102887.0,24.078784831347328
2025-05-16 10:18:18,102875,102884.0,24.378952674403564
2025-05-16 10:18:28,102875,102881.0,23.54428451879239
2025-05-16 10:18:38,102875,102878.0,21.44266492200626
2025-05-16 10:18:48,102875,102875.0,17.6265983634841
2025-05-16 10:19:59,102902,102879.5,14.94738246634508
2025-05-16 10:20:09,102893,102882.5,10.480501384114866
2025-05-16 10:20:19,102893,102885.5,10.480501384114866
2025-05-16 10:20:29,102902,102890.0,11.405740189144366
2025-05-16 10:20:39,102902,102894.5,12.211209462408855
2025-05-16 10:20:49,102902,102899.0,12.919330132793858
2025-05-16 10:22:00,102929,102903.5,17.09066731467684
2025-05-16 10:22:10,102937,102910.83333333333,20.65004219349446
2025-05-16 10:22:20,102937,102918.16666666667,22.416849726997103
2025-05-16 10:22:30,102929,102922.66666666667,21.955878625714742
2025-05-16 10:22:40,102937,102928.5,21.193909935334243
2025-05-16 10:23:51,102952,102936.83333333333,20.79098727041973
2025-05-16 10:24:01,102952,102940.66666666667,22.268846295083794
2025-05-16 10:24:11,102952,102943.16666666667,21.77154106078246
2025-05-16 10:24:21,102953,102945.83333333333,20.077124028379732
2025-05-16 10:24:32,102953,102949.83333333333,18.484022588929662
2025-05-16 10:24:42,102953,102952.5,15.51831762711646
2025-05-16 10:25:52,102970,102955.5,12.25363273923017
2025-05-16 10:26:02,102970,102958.5,12.738333944069685
2025-05-16 10:26:13,102970,102961.5,13.323481214377917
2025-05-16 10:26:23,103007,102970.5,19.76605600139081
2025-05-16 10:26:33,103007,102979.5,22.001377370793797
2025-05-16 10:26:43,103007,102988.5,23.243767496311715
2025-05-16 10:27:54,103037,102999.66666666667,29.265115237170875
2025-05-16 10:28:04,103037,103010.83333333333,32.6060042829139
2025-05-16 10:28:14,103059,103025.66666666667,37.17149038057118
2025-05-16 10:28:24,103037,103030.66666666667,36.74100591018931
2025-05-16 10:28:34,103037,103035.66666666667,34.80192871901092
2025-05-16 10:28:44,103037,103040.66666666667,31.07310539557723
2025-05-16 10:29:55,103070,103046.16666666667,31.436684806916613
2025-05-16 10:30:05,103070,103051.66666666667,29.31684281874505
2025-05-16 10:30:15,103070,103053.5,24.06603919537602
2025-05-16 10:30:25,103091,103062.5,25.875430023767898
2025-05-16 10:30:35,103091,103071.5,25.55371644922368
2025-05-16 10:30:45,103091,103080.5,23.01169004898644
2025-05-16 10:31:56,103091,103084.0,23.259243847635975
2025-05-16 10:32:06,103089,103087.16666666667,22.378798139772172
2025-05-16 10:32:16,103097,103091.66666666667,23.434466978009397
2025-05-16 10:32:26,103097,103092.66666666667,21.470734136498585
2025-05-16 10:32:37,103089,103092.33333333333,17.396229131492106
2025-05-16 10:32:47,103097,103093.33333333333,10.612671105525616
2025-05-16 10:33:57,103097,103094.33333333333,9.50438495895523
2025-05-16 10:34:07,103104,103096.83333333333,8.257228245347624
2025-05-16 10:34:18,103104,103098.0,5.3399580174716945
2025-05-16 10:34:28,103111,103100.33333333333,6.921639330522521
2025-05-16 10:34:38,103111,103104.0,7.825753916057082
2025-05-16 10:34:48,103111,103106.33333333333,8.277387971268457
2025-05-16 10:35:59,103132,103112.16666666667,11.94780314998288
2025-05-16 10:36:09,103132,103116.83333333333,13.617057043793306
2025-05-16 10:36:19,103145,103123.66666666667,17.076476823821615
2025-05-16 10:36:29,103145,103129.33333333333,19.049377627262196
2025-05-16 10:36:39,103145,103135.0,19.004784089476935
2025-05-16 10:36:49,103132,103138.5,17.890872908782633
2025-05-16 10:36:59,103145,103140.66666666667,17.03716970681186
2025-05-16 10:38:10,103160,103145.33333333333,17.98210390104946
2025-05-16 10:38:20,103162,103148.16666666667,17.834890900534603
2025-05-16 10:38:30,103162,103151.0,17.4295117225712
2025-05-16 10:38:40,103162,103153.83333333333,15.81402331576041
2025-05-16 10:38:51,103162,103158.83333333333,12.528754809099546
2025-05-16 10:39:01,103162,103161.66666666667,11.876893792431447
2025-05-16 10:40:11,103186,103166.0,13.995670329554379
2025-05-16 10:40:22,103190,103170.66666666667,16.654010348853674
2025-05-16 10:40:32,103190,103175.33333333333,18.114952808220444
2025-05-16 10:40:42,103190,103180.0,18.661863561996
2025-05-16 10:40:52,103190,103184.66666666667,16.136491679616817
2025-05-16 10:41:02,103190,103189.33333333333,14.500783680948405
2025-05-16 10:41:12,103190,103190.0,14.167825267679254
2025-05-16 10:42:23,103196,103191.0,14.076630109473184
2025-05-16 10:42:33,103198,103192.33333333333,13.523268390643963
2025-05-16 10:42:43,103198,103193.66666666667,12.16427955349045
2025-05-16 10:42:53,103198,103195.0,9.66562168249915
2025-05-16 10:43:03,103198,103196.33333333333,4.386618780626157
2025-05-16 10:43:13,103198,103197.66666666667,4.0414518946994065
2025-05-16 10:43:24,103198,103198.0,4.01134755095603
2025-05-16 10:43:34,103195,103197.5,3.752776760862026
2025-05-16 10:44:44,103202,103198.16666666667,3.9186809884581875
2025-05-16 10:44:54,103202,103198.83333333333,3.8009169656703063
2025-05-16 10:45:05,103202,103199.5,3.369875470802485
2025-05-16 10:45:15,103202,103200.16666666667,2.4664414478538395
2025-05-16 10:45:25,103202,103200.83333333333,2.4293034462009215
2025-05-16 10:45:35,103207,103202.83333333333,3.2145502664168437
2025-05-16 10:45:45,103207,103203.66666666667,3.679385664706646
2025-05-16 10:46:56,103210,103205.0,4.378840315164899
2025-05-16 10:47:06,103210,103206.33333333333,4.756972562455796
2025-05-16 10:47:16,103210,103207.66666666667,4.888917593127831
2025-05-16 10:47:26,103210,103209.0,4.795041639340742
2025-05-16 10:47:36,103219,103211.0,5.2649498620289235
2025-05-16 10:47:46,103219,103213.0,6.050294264384325
2025-05-16 10:48:57,103227,103215.83333333333,7.739606917053099
2025-05-16 10:49:07,103227,103218.66666666667,8.586458688284532
2025-05-16 10:49:17,103227,103221.5,8.836477432270286
2025-05-16 10:49:27,103227,103224.33333333333,8.542230215040684
2025-05-16 10:49:37,103234,103226.83333333333,9.287903508948872
2025-05-16 10:49:47,103227,103228.16666666667,8.732992132772221
2025-05-16 10:50:58,103231,103228.83333333333,8.520919004514614
2025-05-16 10:51:08,103231,103229.5,7.890827053617137
2025-05-16 10:51:18,103231,103230.16666666667,6.726248903875053
2025-05-16 10:51:29,103231,103230.83333333333,4.640892032987952
2025-05-16 10:51:39,103220,103228.5,4.478906801281138
2025-05-16 10:51:49,103231,103229.16666666667,3.626501788939193
2025-05-16 10:53:00,103223,103227.83333333333,3.9619401523416853
2025-05-16 10:53:10,103223,103226.5,4.242640695825424
2025-05-16 10:53:20,103223,103225.16666666667,4.478906801284158
2025-05-16 10:53:30,103223,103223.83333333333,4.677476665135129
2025-05-16 10:53:40,103223,103224.33333333333,4.316107963569727
2025-05-16 10:54:51,103238,103225.5,5.466149280149425
2025-05-16 10:55:01,103238,103228.0,6.215206187462146
2025-05-16 10:55:11,103238,103230.5,6.829082201148185
2025-05-16 10:55:21,103238,103233.0,7.34176513006204
2025-05-16 10:55:31,103238,103235.5,7.773303190890925
2025-05-16 10:55:41,103238,103238.0,7.4691283869416525
2025-05-16 10:56:52,103234,103237.33333333333,7.513119842623207
2025-05-16 10:57:02,103232,103236.33333333333,7.030237726892414
2025-05-16 10:57:12,103232,103235.33333333333,6.4167158653282685
2025-05-16 10:57:22,103232,103234.33333333333,5.630006196160883
2025-05-16 10:57:32,103232,103233.33333333333,4.581749045287793
2025-05-16 10:57:43,103232,103232.33333333333,3.010084073894367
2025-05-16 10:58:53,103235,103232.5,2.8749176660470774
2025-05-16 10:59:03,103239,103233.66666666667,2.9848100409340987
2025-05-16 10:59:13,103239,103234.83333333333,3.0883456508647913
2025-05-16 10:59:23,103239,103236.0,3.186144256436441
2025-05-16 10:59:34,103239,103237.16666666667,3.2787192730201262
2025-05-16 10:59:44,103239,103238.33333333333,3.366501656701966
2025-05-16 11:00:54,103224,103236.5,4.700096718416417
2025-05-16 11:01:04,103224,103234.0,5.573204296671057
2025-05-16 11:01:15,103224,103231.5,6.2498484887804615
2025-05-16 11:01:25,103224,103229.0,6.789028587603132
2025-05-16 11:01:35,103224,103226.5,7.2216005998787525
2025-05-16 11:01:45,103224,103224.0,7.565872343315155
2025-05-16 11:02:56,103229,103224.83333333333,7.487363096158759
2025-05-16 11:03:06,103228,103225.5,7.034008302579137
2025-05-16 11:03:16,103229,103226.33333333333,6.4025326485886325
2025-05-16 11:03:26,103229,103227.16666666667,5.567084004805842
2025-05-16 11:03:36,103229,103228.0,4.413306334453443
2025-05-16 11:03:46,103229,103228.83333333333,2.539088374149946
2025-05-16 11:04:57,103232,103229.33333333333,2.8749176665886593
2025-05-16 11:05:07,103240,103231.33333333333,4.541892551874281
2025-05-16 11:05:17,103232,103231.83333333333,4.420167288870157
2025-05-16 11:05:27,103240,103233.66666666667,5.1071844891781195
2025-05-16 11:05:37,103240,103235.5,5.3619026541505805
2025-05-16 11:05:47,103240,103237.33333333333,5.247654605619881
2025-05-16 11:06:58,103260,103242.0,9.198155286629822
2025-05-16 11:07:08,103260,103245.33333333333,11.195237085612904
2025-05-16 11:07:18,103262,103250.33333333333,12.652404253811648
2025-05-16 11:07:28,103262,103254.0,13.354150418527553
2025-05-16 11:07:39,103262,103257.66666666667,13.419513158063827
2025-05-16 11:07:49,103262,103261.33333333333,12.858201017181086
2025-05-16 11:08:59,103260,103261.33333333333,11.934162831474206
2025-05-16 11:09:09,103260,103261.33333333333,11.547005386528786
2025-05-16 11:09:20,103260,103261.0,9.490026666074206
2025-05-16 11:09:30,103260,103260.66666666667,8.150106900264666
2025-05-16 11:09:40,103260,103260.33333333333,6.060303027745499
2025-05-16 11:09:50,103260,103260.0,0.9847319583680105
2025-05-16 11:10:00,103256,103259.33333333333,1.6696942379237787
2025-05-16 11:11:11,103249,103257.5,3.6793856618389684
2025-05-16 11:11:21,103256,103256.83333333333,3.7040109382363746
2025-05-16 11:11:31,103249,103255.0,4.529365471727255
2025-05-16 11:11:41,103249,103253.16666666667,4.974937191740653
2025-05-16 11:11:51,103249,103251.33333333333,5.14045158390417
2025-05-16 11:12:01,103249,103250.16666666667,5.276448536043429
2025-05-16 11:12:11,103249,103250.16666666667,5.2368160639109735
2025-05-16 11:13:22,103237,103247.0,6.761634198439377
2025-05-16 11:13:32,103237,103245.0,7.4833147778646865
2025-05-16 11:13:42,103239,103243.33333333333,7.38702794657717
2025-05-16 11:13:53,103237,103241.33333333333,7.036700333343285
2025-05-16 11:14:03,103237,103239.33333333333,6.797392553127267
2025-05-16 11:14:13,103238,103237.5,6.912877754959423
2025-05-16 11:14:23,103238,103237.66666666667,5.913518160742074
2025-05-16 11:14:33,103238,103237.83333333333,5.632024239808319
2025-05-16 11:15:44,103235,103237.16666666667,5.361902653773735
2025-05-16 11:15:54,103235,103236.83333333333,4.7760450301050685
2025-05-16 11:16:04,103235,103236.5,3.7284735778767417
2025-05-16 11:16:14,103232,103235.5,1.9306146164385123
2025-05-16 11:16:24,103232,103234.5,2.314316459810452
2025-05-16 11:16:34,103232,103233.5,2.570225802591886
2025-05-16 11:16:44,103232,103233.0,2.5390883733045637
2025-05-16 11:17:55,103228,103231.83333333333,3.1718458555529456
2025-05-16 11:18:05,103228,103230.66666666667,3.5280263275743318
2025-05-16 11:18:15,103225,103229.5,4.011347549442496
2025-05-16 11:18:25,103225,103228.33333333333,4.144181764373523
2025-05-16 11:18:36,103225,103227.16666666667,3.9619401521631996
2025-05-16 11:18:46,103225,103226.0,3.9427724532548294
2025-05-16 11:19:56,103220,103224.66666666667,4.392659173969422
2025-05-16 11:20:07,103220,103223.33333333333,4.431293683574178
2025-05-16 11:20:17,103218,103222.16666666667,4.821039754723169
2025-05-16 11:20:27,103218,103221.0,4.886592673166675
2025-05-16 11:20:37,103218,103219.83333333333,4.641708157624666
2025-05-16 11:20:47,103218,103218.66666666667,4.0301891169005835
2025-05-16 11:21:58,103216,103218.0,3.9848196891135563
2025-05-16 11:22:08,103216,103217.33333333333,3.6514837271565903
2025-05-16 11:22:18,103216,103217.0,3.528026328363689
2025-05-16 11:22:28,103220,103217.33333333333,3.0993645611459213
2025-05-16 11:22:38,103220,103217.66666666667,2.5271255832201165
2025-05-16 11:22:48,103220,103218.0,1.6696942429842199
2025-05-16 11:23:59,103219,103218.5,1.6025548026171714
2025-05-16 11:24:09,103219,103219.0,1.527525256934999
2025-05-16 11:24:19,103219,103219.5,1.5447859766234537
2025-05-16 11:24:29,103217,103219.0,1.585922946549806
2025-05-16 11:24:39,103217,103218.5,1.6213537418042445
2025-05-16 11:24:49,103217,103218.0,1.6514456710960579
2025-05-16 11:25:00,103217,103217.66666666667,1.564279314650597
2025-05-16 11:26:10,103214,103216.83333333333,1.880925002549893
2025-05-16 11:26:20,103214,103216.0,2.1373305536540532
2025-05-16 11:26:30,103214,103215.5,2.2613351014894243
2025-05-16 11:26:41,103214,103215.0,2.2613351015313987
2025-05-16 11:26:51,103214,103214.5,2.137330553787282
2025-05-16 11:27:01,103214,103214.0,2.0375267432952384
2025-05-16 11:28:11,103216,103214.33333333333,1.7816403965066852
2025-05-16 11:28:22,103216,103214.66666666667,1.4354811524085143
2025-05-16 11:28:32,103216,103215.0,1.3568010794712153
2025-05-16 11:28:42,103216,103215.33333333333,1.2673044955474173
2025-05-16 11:28:52,103216,103215.66666666667,1.1645001865457645
2025-05-16 11:29:02,103216,103216.0,1.0444659732808756
2025-05-16 11:29:12,103214,103215.66666666667,1.0444659732808756
2025-05-16 11:30:23,103212,103215.0,1.3371158761934394
2025-05-16 11:30:33,103212,103214.33333333333,1.556997913547618
2025-05-16 11:30:43,103212,103213.66666666667,1.7320508302611102
2025-05-16 11:30:53,103212,103213.0,1.8748737541010654
2025-05-16 11:31:03,103212,103212.33333333333,1.9924098595464987
2025-05-16 11:31:13,103221,103213.5,2.778434280001819
2025-05-16 11:31:24,103212,103213.5,2.8324419414040385
2025-05-16 11:31:34,103221,103215.0,3.4200832995016532
2025-05-16 11:32:44,103231,103218.16666666667,5.838093302739085
2025-05-16 11:32:55,103231,103221.33333333333,7.2842711466802115
2025-05-16 11:33:05,103231,103224.5,8.2842493900247
2025-05-16 11:33:15,103231,103226.16666666667,8.891603125278655
2025-05-16 11:33:25,103228,103228.83333333333,8.809430213268776
2025-05-16 11:33:35,103228,103230.0,8.50133679774242
2025-05-16 11:33:45,103228,103229.5,7.941070843158763
2025-05-16 11:34:56,103228,103229.0,7.068924744591595
2025-05-16 11:35:06,103228,103228.5,5.744562653023649
2025-05-16 11:35:16,103228,103228.0,5.484827564074042
2025-05-16 11:35:26,103225,103227.5,2.9180732665645843
2025-05-16 11:35:36,103225,103227.0,2.153221704825847
2025-05-16 11:35:47,103225,103226.5,2.2156468543191186
2025-05-16 11:36:57,103219,103225.0,3.2192602314795784
2025-05-16 11:37:07,103219,103223.5,3.6927447394989086
2025-05-16 11:37:17,103219,103222.0,3.837612904187569
2025-05-16 11:37:28,103219,103221.0,4.0704031610622735
2025-05-16 11:37:38,103219,103220.0,4.145095687376214
2025-05-16 11:37:48,103222,103219.5,3.9080336933815114
2025-05-16 11:38:59,103222,103220.0,3.580248859262465
2025-05-16 11:39:09,103222,103220.5,3.1333978193711722
2025-05-16 11:39:19,103222,103221.0,2.5045413450719165
2025-05-16 11:39:29,103222,103221.5,2.261335101257657
2025-05-16 11:39:39,103222,103222.0,1.9540168614471292
2025-05-16 11:39:49,103246,103226.0,7.472677509893999
2025-05-16 11:41:00,103259,103232.16666666667,12.724052625882331
2025-05-16 11:41:10,103259,103238.33333333333,15.611524494526396
2025-05-16 11:41:20,103259,103244.5,17.35786434495076
2025-05-16 11:41:30,103259,103250.66666666667,18.292861666502365
2025-05-16 11:41:40,103265,103257.83333333333,19.18549799726227
2025-05-16 11:42:51,103275,103262.66666666667,20.724747322542452
2025-05-16 11:43:01,103275,103265.33333333333,21.17513550612908
2025-05-16 11:43:11,103275,103268.0,20.608177254719987
2025-05-16 11:43:21,103275,103270.66666666667,18.932695786929262
2025-05-16 11:43:31,103275,103273.33333333333,15.799884926742378
2025-05-16 11:43:41,103275,103275.0,9.912878067217648
2025-05-16 11:44:52,103301,103279.33333333333,12.090567325005933
2025-05-16 11:45:02,103301,103283.66666666667,14.196670546392186
2025-05-16 11:45:12,103301,103288.0,15.171744073699749
2025-05-16 11:45:23,103301,103292.33333333333,15.234530158346937
2025-05-16 11:45:33,103301,103296.66666666667,14.396969379910031
2025-05-16 11:45:43,103301,103301.0,13.578057166467262
2025-05-16 11:46:53,103315,103303.33333333333,14.938256765848744
2025-05-16 11:47:04,103315,103305.66666666667,15.417424225419703
2025-05-16 11:47:14,103315,103308.0,15.09966887213905
2025-05-16 11:47:24,103315,103310.33333333333,13.930563739758767
2025-05-16 11:47:34,103315,103312.66666666667,11.656705706345411
2025-05-16 11:47:44,103315,103315.0,7.311261553164269
2025-05-16 11:48:55,103326,103316.83333333333,8.586017529278317
2025-05-16 11:49:05,103340,103321.0,11.664501965479563
2025-05-16 11:49:15,103340,103325.16666666667,13.24220754431903
2025-05-16 11:49:25,103340,103329.33333333333,13.842184099538056
2025-05-16 11:49:35,103340,103333.5,13.59450646764088
2025-05-16 11:49:45,103340,103337.66666666667,12.448682540995911
2025-05-16 11:50:56,103337,103339.5,12.246211536869913
2025-05-16 11:51:06,103337,103339.0,11.731852525142845
2025-05-16 11:51:16,103337,103338.5,10.86138559320549
2025-05-16 11:51:26,103337,103338.0,9.53780357333692
2025-05-16 11:51:36,103337,103337.5,7.525713499031077
2025-05-16 11:51:47,103337,103337.0,3.8690692681945054
2025-05-16 11:52:57,103342,103337.83333333333,1.8257418670750474
2025-05-16 11:53:07,103343,103338.83333333333,2.193309392759452
2025-05-16 11:53:18,103343,103339.83333333333,2.480224825127224
2025-05-16 11:53:28,103343,103340.83333333333,2.712205861955527
2025-05-16 11:53:38,103343,103341.83333333333,2.9024545570445808
2025-05-16 11:53:48,103343,103342.83333333333,3.0587678299324716
2025-05-16 11:54:59,103341,103342.66666666667,2.9271456829856093
2025-05-16 11:55:09,103361,103345.66666666667,6.510481062628253
2025-05-16 11:55:19,103361,103348.66666666667,8.214455110168759
2025-05-16 11:55:29,103361,103351.66666666667,9.156468157529952
2025-05-16 11:55:39,103361,103354.66666666667,9.56437518897387
2025-05-16 11:55:49,103361,103357.66666666667,9.507174325937997
2025-05-16 11:57:00,103380,103364.16666666667,12.39837477236
2025-05-16 11:57:10,103398,103370.33333333333,17.36768158565524
2025-05-16 11:57:20,103398,103376.5,20.09277723442424
2025-05-16 11:57:30,103398,103382.66666666667,21.446904135337917
2025-05-16 11:57:40,103398,103388.83333333333,21.688392371386204
2025-05-16 11:58:51,103397,103394.83333333333,20.76327614757961
2025-05-16 11:59:01,103397,103397.66666666667,18.263019432804604
2025-05-16 11:59:11,103403,103398.5,18.12310596202315
2025-05-16 11:59:22,103403,103399.33333333333,17.222914616614265
2025-05-16 11:59:32,103403,103400.16666666667,15.429949233369054
2025-05-16 11:59:42,103403,103401.0,12.361658710312831
2025-05-17 01:00:55,103619,103438.0,64.10000472747234
2025-05-17 01:01:05,103619,103475.0,85.36055437037489
2025-05-17 01:01:15,103619,103511.0,99.07676087479257
2025-05-17 01:01:25,103619,103547.0,107.7310062003933
2025-05-17 01:01:35,103624,103583.83333333333,113.02051302135038
2025-05-17 01:01:45,103624,103620.66666666667,114.74939756874787
2025-05-17 01:02:56,103642,103624.5,114.44977064179548
2025-05-17 01:03:06,103625,103625.5,108.92877155591553
2025-05-17 01:03:16,103625,103626.5,100.14455461046998
2025-05-17 01:03:26,103642,103630.33333333333,87.10008175866218
2025-05-17 01:03:36,103642,103633.33333333333,65.40983847734584
2025-05-17 01:03:46,103642,103636.33333333333,10.246950762513885
2025-05-17 01:04:57,103649,103637.5,11.321740948741715
2025-05-17 01:05:07,103590,103631.66666666667,16.172132781958275
2025-05-17 01:05:17,103649,103635.66666666667,16.86016463275806
2025-05-17 01:05:27,103590,103627.0,20.446530414472537
2025-05-17 01:05:37,103590,103618.33333333333,23.307561523520896
2025-05-17 01:05:47,103590,103609.66666666667,25.512920076705623
2025-05-17 01:06:57,103592,103600.16666666667,26.201434148684385
2025-05-17 01:07:07,103592,103600.5,27.20781416153771
2025-05-17 01:07:18,103590,103590.66666666667,28.028664979635646
2025-05-17 01:07:28,103592,103591.0,27.05213821039148
2025-05-17 01:07:38,103590,103591.0,25.399832973640684
2025-05-17 01:07:48,103590,103591.0,22.748959348812527
2025-05-17 01:08:58,103594,103591.33333333333,16.820577223215516
2025-05-17 01:09:08,103594,103591.66666666667,16.735690403253656
2025-05-17 01:09:18,103594,103592.33333333333,1.7320507907587865
2025-05-17 01:09:28,103594,103592.66666666667,1.8006732585542988
2025-05-17 01:09:39,103594,103593.33333333333,1.8006732585191572
2025-05-17 01:09:49,103594,103594.0,1.7320507906491844
2025-05-17 01:10:59,103588,103593.0,2.1672493254116625
2025-05-17 01:11:09,103589,103592.16666666667,2.353269795308555
2025-05-17 01:11:19,103588,103591.16666666667,2.5628464175370453
2025-05-17 01:11:29,103589,103590.33333333333,2.6798914387756474
2025-05-17 01:11:39,103588,103589.33333333333,2.83912063894409
2025-05-17 01:11:50,103589,103588.5,2.8959218874601187
2025-05-17 01:12:00,103589,103588.66666666667,2.8230651625093435
2025-05-17 01:13:10,103585,103588.0,3.088345629987084
2025-05-17 01:13:20,103585,103587.5,3.143053900502991
2025-05-17 01:13:30,103585,103586.83333333333,2.9987370984141055
2025-05-17 01:13:40,103585,103586.33333333333,2.6227443302911317
2025-05-17 01:13:51,103585,103585.66666666667,1.8809249669946515
2025-05-17 01:14:01,103585,103585.0,1.9462473459365417
2025-05-17 01:15:11,103575,103583.33333333333,3.8217876118688254
2025-05-17 01:15:21,103575,103581.66666666667,4.813963270412933
2025-05-17 01:15:31,103575,103580.0,5.316498044795646
2025-05-17 01:15:41,103575,103578.33333333333,5.613835717298661
2025-05-17 01:15:51,103574,103576.5,5.664215151244728
2025-05-17 01:16:02,103574,103574.66666666667,5.407626483889061
2025-05-17 01:16:12,103574,103574.5,5.384461364860855
2025-05-17 01:17:22,103580,103575.33333333333,5.054251130771047
2025-05-17 01:17:32,103584,103576.83333333333,4.944387691560749
2025-05-17 01:17:42,103584,103578.33333333333,4.830458909964324
2025-05-17 01:17:52,103580,103579.33333333333,4.3995523128791225
2025-05-17 01:18:02,103583,103580.83333333333,4.136863100394897
2025-05-17 01:18:13,103583,103582.33333333333,4.294993555812
2025-05-17 01:51:19,103528,103573.66666666667,15.222590866091098
2025-05-17 02:09:49,103437,103549.16666666667,42.49919785284949
2025-05-17 02:25:41,103426,103522.83333333333,57.716325614015574
2025-05-17 03:00:16,103441,103499.66666666667,65.10760324235063
2025-05-17 03:07:40,103477,103482.0,66.44267294326265
2025-05-17 03:07:51,103477,103464.33333333333,66.69105614448333
2025-05-17 03:19:10,103507,103460.83333333333,64.34018255243731
2025-05-17 03:36:16,103559,103481.16666666667,62.35650193288522
2025-05-17 04:10:08,103442,103483.83333333333,61.575280360645564
2025-05-17 04:25:54,103298,103460.0,80.54567685848643
2025-05-17 04:26:04,103298,103430.16666666667,88.9406935530159
2025-05-17 05:00:28,103480,103430.66666666667,80.11071883789958
2025-05-17 05:31:42,103061,103356.33333333333,133.25400102020137
2025-05-17 06:01:52,102967,103257.66666666667,183.67533527370534
2025-05-17 06:34:41,103018,103187.0,208.35348387408337
2025-05-17 07:07:48,102889,103118.83333333333,241.26012304100357
2025-05-17 07:10:25,102869,103047.33333333333,261.2954179748099
2025-05-17 07:30:04,102823,102937.83333333333,274.9330910340984
2025-05-17 07:47:53,102939,102917.5,262.9491683798315
2025-05-17 08:19:52,102999,102922.83333333333,228.69158469266014
2025-05-17 08:50:37,102996,102919.16666666667,200.87918500895458
2025-05-17 09:11:20,102921,102924.5,188.17174618094063
2025-05-17 09:27:49,102975,102942.16666666667,166.9562408651616
2025-05-17 09:59:47,102749,102929.83333333333,88.94005471972659
2025-05-17 10:12:25,102807,102907.83333333333,86.10388369929542
2025-05-17 10:17:57,102849,102882.83333333333,86.07273175484808
2025-05-17 10:18:08,102849,102858.33333333333,79.0559353200217
2025-05-17 10:18:18,102854,102847.16666666667,79.68897874591646
2025-05-17 10:18:28,102854,102827.0,80.09364784099145
2025-05-17 10:18:38,102854,102844.5,78.40898990041207
2025-05-17 10:18:48,102854,102852.33333333333,77.12971168414226
2025-05-17 10:19:59,102867,102855.33333333333,67.43139049792731
2025-05-17 10:20:09,102867,102858.33333333333,54.37802586722191
2025-05-17 10:20:20,102869,102860.83333333333,50.89025625860777
2025-05-17 10:20:30,102869,102863.33333333333,34.556497441209
2025-05-17 10:20:40,102869,102865.83333333333,17.203769854827996
2025-05-17 10:20:50,102869,102868.33333333333,8.56348840012849
2025-05-17 10:21:00,102869,102868.66666666667,8.090398364702727
2025-05-17 10:22:11,102878,102870.5,8.184890010646413
2025-05-17 10:22:21,102878,102872.0,8.338937524104686
2025-05-17 10:22:31,102877,102873.33333333333,7.854741876034057
2025-05-17 10:22:41,102877,102874.66666666667,6.770591505338292
2025-05-17 10:22:51,102877,102876.0,4.6871843584426305
2025-05-17 10:23:01,102877,102877.33333333333,4.5726459680391764
2025-05-17 10:24:12,102869,102875.83333333333,4.365845427916266
2025-05-17 10:24:22,102869,102874.33333333333,4.365845427916266
2025-05-17 10:24:32,102876,102874.16666666667,4.223850060133398
2025-05-17 10:24:42,102876,102874.0,3.9848197096092934
2025-05-17 10:24:52,102876,102873.83333333333,3.6296339572024636
2025-05-17 10:25:02,102876,102873.66666666667,3.1188576379885085
2025-05-17 10:25:13,102876,102874.83333333333,3.025147168380708
2025-05-17 10:26:23,102879,102876.5,3.117642893036526
2025-05-17 10:26:33,102887,102878.33333333333,4.575130426580652
2025-05-17 10:26:43,102887,102880.16666666667,5.534328154058238
2025-05-17 10:26:54,102887,102882.0,6.229815912065207
2025-05-17 10:27:04,102887,102883.83333333333,6.7436839312404455
2025-05-17 10:27:14,102887,102885.66666666667,6.369315666115289
2025-05-17 10:27:24,102887,102887.0,5.545268274454886
2025-05-17 10:27:34,102887,102887.0,5.416025624804616
2025-05-17 10:28:45,102898,102888.83333333333,6.557438542164917
2025-05-17 10:28:55,102898,102890.66666666667,7.023769185179361
2025-05-17 10:29:05,102898,102892.5,6.9522178882527585
2025-05-17 10:29:15,102898,102894.33333333333,6.3245553386359665
2025-05-17 10:29:25,102898,102896.16666666667,5.664215176351554
2025-05-17 10:29:35,102898,102898.0,5.744562666576154
2025-05-17 10:29:45,102898,102898.0,5.664215176270997
2025-05-17 10:30:56,102914,102900.66666666667,7.831560097579179
2025-05-17 10:31:06,102914,102903.33333333333,8.91840114681093
2025-05-17 10:31:16,102914,102906.0,9.311120766235991
2025-05-17 10:31:26,102914,102908.66666666667,9.100033312355077
2025-05-17 10:31:37,102914,102911.33333333333,8.23885842232172
2025-05-17 10:31:47,102914,102914.0,8.355727499255451
2025-05-17 10:32:57,102922,102915.33333333333,9.105442939899612
2025-05-17 10:33:07,102922,102916.66666666667,9.341987341804652
2025-05-17 10:33:17,102922,102918.0,9.105442939794571
2025-05-17 10:33:28,102922,102919.33333333333,8.355727499026516
2025-05-17 10:33:38,102922,102920.66666666667,6.928203246070862
2025-05-17 10:33:48,102922,102922.0,4.177863769016703
2025-05-17 10:34:59,102936,102924.33333333333,6.464354492514888
2025-05-17 10:35:09,102936,102926.66666666667,7.667325413989033
2025-05-17 10:35:19,102936,102929.0,8.27372622642194
2025-05-17 10:35:29,102936,102931.33333333333,8.413553292291105
2025-05-17 10:35:39,102936,102933.66666666667,8.110972753087298
2025-05-17 10:35:49,102938,102936.33333333333,7.505553513619461
2025-05-17 10:37:00,102938,102936.66666666667,7.537783628495195
2025-05-17 10:37:10,102945,102938.16666666667,8.084309544850756
2025-05-17 10:37:20,102945,102939.66666666667,8.116574898856912
2025-05-17 10:37:30,102945,102941.16666666667,7.641097031537903
2025-05-17 10:37:40,102945,102942.66666666667,6.548189680121114
2025-05-17 10:38:51,102939,102942.83333333333,4.1221868528488805
2025-05-17 10:39:01,102943,102943.66666666667,4.063883822436205
2025-05-17 10:39:11,102939,102942.66666666667,3.872005223319825
2025-05-17 10:39:21,102939,102941.66666666667,3.651483745029043
2025-05-17 10:39:31,102939,102940.66666666667,3.396745353223386
2025-05-17 10:39:41,102939,102939.66666666667,3.099364582089752
2025-05-17 10:40:52,102958,102942.83333333333,5.605733014523777
2025-05-17 10:41:02,102938,102942.0,5.605733014523777
2025-05-17 10:41:12,102958,102945.16666666667,7.115390929818611
2025-05-17 10:41:22,102958,102948.33333333333,8.20199533513429
2025-05-17 10:41:33,102958,102951.5,9.019759465218211
2025-05-17 10:41:43,102958,102954.66666666667,9.637364166752244
2025-05-17 10:42:56,103028,102966.33333333333,24.91607124449524
2025-05-17 10:43:06,103028,102981.33333333333,32.30911308091626
2025-05-17 10:43:16,103028,102993.0,36.56739316135844
2025-05-17 10:43:26,103028,103004.66666666667,38.86456671113551
2025-05-17 10:43:36,103028,103016.33333333333,39.54389582674232
2025-05-17 10:43:46,103028,103028.0,38.69069264245656
2025-05-17 12:00:52,103410,103091.66666666667,125.63004851975505
2025-05-17 12:01:03,103410,103155.33333333333,162.90729842133172
2025-05-17 12:01:13,103412,103219.33333333333,186.03119647182214
2025-05-17 12:01:23,103412,103283.33333333333,198.88050318110442
2025-05-17 12:01:33,103412,103347.33333333333,203.41173351955786
2025-05-17 12:01:43,103412,103411.33333333333,200.1905153205912
2025-05-17 12:02:54,103413,103411.83333333333,197.51369342649696
2025-05-17 12:03:04,103413,103412.33333333333,188.94772405164184
2025-05-17 12:03:14,103413,103412.5,173.62313332122898
2025-05-17 12:03:24,103436,103416.5,150.5284378650233
2025-05-17 12:03:34,103436,103420.5,112.47420579717472
2025-05-17 12:03:45,103436,103424.5,10.949955029329036
2025-05-17 12:04:55,103444,103429.66666666667,12.934274410920949
2025-05-17 12:05:05,103444,103434.83333333333,14.04187460471378
2025-05-17 12:05:15,103444,103440.0,14.666752754193372
2025-05-17 12:05:26,103463,103444.5,17.3126333269745
2025-05-17 12:05:36,103463,103449.0,18.572340137063758
2025-05-17 12:05:46,103463,103453.5,18.727714027883998
2025-05-17 12:06:57,103469,103457.66666666667,18.636880997473916
2025-05-17 12:07:07,103469,103461.83333333333,17.216975413893675
2025-05-17 12:07:17,103469,103466.0,14.071247278619188
2025-05-17 12:07:27,103477,103468.33333333333,14.53808999079352
2025-05-17 12:07:37,103477,103470.66666666667,14.115325862874602
2025-05-17 12:07:47,103477,103473.0,12.714522833366798
2025-05-17 12:08:58,103475,103474.0,11.5430682321611
2025-05-17 12:09:08,103475,103475.0,9.50079741305265
2025-05-17 12:09:18,103475,103476.0,5.720775532637959
2025-05-17 12:09:28,103512,103481.83333333333,12.709755259389295
2025-05-17 12:09:38,103512,103487.66666666667,15.936426730400933
2025-05-17 12:09:48,103512,103493.5,17.607462259920386
2025-05-17 12:10:59,103510,103499.33333333333,18.543969042224756
2025-05-17 12:11:09,103507,103504.66666666667,18.49733805471134
2025-05-17 12:11:19,103510,103510.5,18.08125598897802
2025-05-17 12:11:30,103510,103510.16666666667,17.89362506977388
2025-05-17 12:11:40,103510,103509.83333333333,17.231709669569266
2025-05-17 12:11:50,103510,103509.5,16.036889291100493
2025-05-17 12:12:00,103510,103509.5,13.806838444429351
2025-05-17 12:13:11,103474,103504.0,14.002164333146721
2025-05-17 12:13:21,103475,103498.16666666667,14.002164333146721
2025-05-17 12:13:31,103474,103492.16666666667,16.23034942253718
2025-05-17 12:13:41,103474,103486.16666666667,17.575809821001556
2025-05-17 12:13:51,103474,103480.16666666667,18.23499798386547
2025-05-17 12:14:01,103510,103480.16666666667,18.23499798386547
2025-05-17 12:15:12,103508,103485.83333333333,18.29783063690831
2025-05-17 12:15:22,103508,103491.33333333333,18.15651648487491
2025-05-17 12:15:32,103508,103497.0,18.012411544640145
2025-05-17 12:15:42,103508,103502.66666666667,17.865448283791647
2025-05-17 12:15:52,103508,103508.33333333333,17.715555567003793
2025-05-17 12:16:02,103508,103508.0,17.562658388004838
2025-05-17 12:16:13,103532,103512.0,19.41629275110712
2025-05-17 12:17:23,103535,103516.5,20.39812082729644
2025-05-17 12:17:33,103535,103521.0,19.8585909951485
2025-05-17 12:17:43,103535,103525.5,17.783845238344494
2025-05-17 12:17:54,103535,103530.0,13.482873533909233
2025-05-17 12:18:04,103535,103534.5,13.86378539205343
2025-05-17 12:18:14,103535,103535.0,13.70799368435196
2025-05-17 12:18:24,103535,103535.0,13.136520915299483
2025-05-17 12:18:34,103546,103536.83333333333,13.04856894273639
2025-05-17 12:19:35,103551,103539.5,12.68141087396927
2025-05-17 12:19:45,103551,103542.16666666667,11.106577354900235
2025-05-17 12:19:55,103551,103544.83333333333,7.607810973677942
2025-05-17 12:20:05,103551,103547.5,7.840744394436352
2025-05-17 12:20:15,103552,103550.33333333333,8.138944905410572
2025-05-17 12:20:25,103551,103551.16666666667,8.07915386676881
2025-05-17 12:20:35,103551,103551.16666666667,7.773303181643841
2025-05-17 12:20:45,103552,103551.33333333333,7.2503918340275915
2025-05-17 12:21:56,103556,103552.16666666667,6.667424193971068
2025-05-17 12:22:06,103556,103553.0,5.446016051753242
2025-05-17 12:22:16,103556,103553.66666666667,2.860387754788436
2025-05-17 12:22:26,103558,103554.83333333333,2.6628760797869306
2025-05-17 12:22:36,103556,103555.66666666667,2.7122058423408597
2025-05-17 12:22:46,103558,103556.66666666667,2.8919952089302794
2025-05-17 12:23:57,103578,103560.33333333333,7.374711083148958
2025-05-17 12:24:07,103578,103564.0,9.453234170690626
2025-05-17 12:24:17,103578,103567.66666666667,10.722392311922105
2025-05-17 12:24:27,103578,103571.0,11.3254205853459
2025-05-17 12:24:37,103580,103575.0,11.641097518431689
2025-05-17 12:24:47,103580,103578.66666666667,11.531248713252403
2025-05-17 12:25:58,103584,103579.66666666667,11.785970084172842
2025-05-17 12:26:08,103584,103580.66666666667,11.531248713143318
2025-05-17 12:26:18,103584,103581.66666666667,10.73086739573873
2025-05-17 12:26:28,103584,103582.66666666667,9.627926547765771
2025-05-17 12:26:38,103584,103583.33333333333,7.209001101441694
2025-05-17 12:26:48,103590,103585.0,3.7618499519416893
2025-05-17 12:27:58,103594,103586.66666666667,4.932882853058385
2025-05-17 12:28:09,103594,103588.33333333333,5.53501251527743
2025-05-17 12:28:19,103594,103590.0,5.749835299186486
2025-05-17 12:28:29,103594,103591.66666666667,5.621926761572444
2025-05-17 12:28:39,103594,103593.33333333333,5.4494926004869075
2025-05-17 12:28:49,103595,103594.16666666667,5.071459047929637
2025-05-17 12:29:59,103597,103594.66666666667,5.158106291132513
2025-05-17 12:30:09,103597,103595.16666666667,4.9931771534588485
2025-05-17 12:30:19,103597,103595.66666666667,4.549392223189096
2025-05-17 12:30:29,103597,103596.16666666667,3.7284735555432964
2025-05-17 12:30:40,103597,103596.66666666667,2.132007140646368
2025-05-17 12:30:50,103597,103597.0,1.505041998471312
2025-05-17 12:31:00,103605,103598.33333333333,3.03015149511314
2025-05-17 12:32:10,103617,103601.66666666667,6.542981427536178
2025-05-17 12:32:20,103617,103605.0,8.271894723924415
2025-05-17 12:32:30,103617,103608.33333333333,9.274843781497538
2025-05-17 12:32:41,103617,103611.66666666667,9.777835164471133
2025-05-17 12:32:51,103613,103614.33333333333,9.623204274192252
2025-05-17 12:33:01,103613,103615.66666666667,9.419515519568177
2025-05-17 12:34:11,103618,103615.83333333333,9.343203649748267
2025-05-17 12:34:21,103618,103616.0,8.898416604999978
2025-05-17 12:34:31,103618,103616.16666666667,8.024111385679776
2025-05-17 12:34:42,103618,103616.33333333333,6.550503095307926
2025-05-17 12:34:52,103618,103617.16666666667,3.8405728598306896
2025-05-17 12:35:02,103617,103617.83333333333,1.8153386561781337
2025-05-17 12:35:12,103617,103617.66666666667,1.8153386561781337
2025-05-17 12:36:22,103617,103617.5,1.8153386561781337
2025-05-17 12:36:32,103617,103617.33333333333,1.8153386561781337
2025-05-17 12:36:42,103617,103617.16666666667,1.8153386561781337
2025-05-17 12:36:53,103617,103617.0,1.3789543293768614
2025-05-17 12:37:03,103620,103617.5,0.8876253030323862
2025-05-17 12:37:13,103620,103618.0,1.1146408089832522
2025-05-17 12:37:23,103620,103618.5,1.279204255353862
2025-05-17 12:37:33,103620,103619.0,1.4034588915166362
2025-05-17 12:38:43,103620,103619.5,1.4974725816641412
2025-05-17 12:38:54,103620,103620.0,1.5666988686054355
2025-05-17 12:39:04,103620,103620.0,1.5447859161075417
2025-05-17 12:39:14,103630,103621.66666666667,3.511884568595243
2025-05-17 12:39:24,103630,103623.33333333333,4.440686530149463
2025-05-17 12:39:34,103630,103625.0,4.954336931856139
2025-05-17 12:39:44,103630,103626.66666666667,5.177895899790349
2025-05-17 12:40:54,103632,103628.66666666667,5.382350495614871
2025-05-17 12:41:05,103635,103631.16666666667,5.991787299209456
2025-05-17 12:41:15,103635,103632.0,6.27887269429678
2025-05-17 12:41:25,103635,103632.83333333333,6.287915288417752
2025-05-17 12:41:35,103635,103633.66666666667,6.020168114626348
2025-05-17 12:41:45,103635,103634.5,5.434876141488771
2025-05-17 12:42:55,103644,103636.5,5.599648247050294
2025-05-17 12:43:06,103644,103638.0,4.944387685124295
2025-05-17 12:43:16,103646,103639.83333333333,5.696224151160077
2025-05-17 12:43:26,103646,103641.66666666667,6.047163111814626
2025-05-17 12:43:36,103646,103643.5,6.067174461208077
2025-05-17 12:43:46,103646,103645.33333333333,5.759708526114823
2025-05-17 12:44:56,103654,103647.0,6.468454913787644
2025-05-17 12:45:06,103654,103648.66666666667,6.971804679293384
2025-05-17 12:45:16,103655,103650.16666666667,7.185844662657011
2025-05-17 12:45:27,103655,103651.66666666667,6.971804679196209
2025-05-17 12:45:37,103655,103653.16666666667,6.286107809550933
2025-05-17 12:45:47,103655,103654.66666666667,4.935953427768823
2025-05-17 12:46:57,103654,103654.66666666667,4.66774877912296
2025-05-17 12:47:07,103654,103654.66666666667,4.206776625132321
2025-05-17 12:47:37,103639,103652.0,5.384461358339169
2025-05-17 12:47:48,103639,103649.33333333333,6.288517664976416
2025-05-17 12:47:58,103639,103646.66666666667,7.025386856505033
2025-05-17 12:48:08,103639,103644.0,7.643575230346703
2025-05-17 12:48:18,103629,103639.83333333333,9.449627210849558
2025-05-17 12:48:28,103629,103635.66666666667,10.521262736782784
2025-05-17 12:48:38,103629,103634.0,10.979319397203513
2025-05-17 12:48:48,103629,103632.33333333333,10.961364651937597
2025-05-17 12:49:59,103626,103630.16666666667,10.748854760861926
2025-05-17 12:50:09,103626,103628.0,9.908673880246829
2025-05-17 12:50:19,103621,103626.66666666667,8.996211317345
2025-05-17 12:50:29,103621,103625.33333333333,6.868902246179286
2025-05-17 12:50:39,103621,103624.0,6.809084832050172
2025-05-17 12:50:50,103621,103622.66666666667,6.374665757782737
2025-05-17 12:51:00,103621,103621.83333333333,5.47722556480404
2025-05-17 12:52:10,103614,103619.83333333333,4.795041619330222
2025-05-17 12:52:20,103614,103618.66666666667,5.280036720331255
2025-05-17 12:52:31,103614,103617.5,5.418123337086352
2025-05-17 12:52:41,103614,103616.33333333333,5.2368160474306436
2025-05-17 12:52:51,103614,103615.16666666667,4.699290715021632
2025-05-17 12:53:01,103614,103614.0,4.31610794237086
2025-05-17 12:54:12,103612,103613.66666666667,3.792936003717514
2025-05-17 12:54:22,103605,103612.16666666667,4.832810827934406
2025-05-17 12:54:32,103605,103610.66666666667,5.333570060487046
2025-05-17 12:54:42,103605,103609.16666666667,5.446016048715598
2025-05-17 12:54:52,103605,103607.66666666667,5.1954233837891355
2025-05-17 12:55:02,103605,103606.16666666667,4.521832547981675
2025-05-17 12:55:12,103605,103605.0,4.559372619478445
2025-05-17 12:56:23,103605,103605.0,4.461111413900506
2025-05-17 12:56:33,103599,103604.0,4.886592654917277
2025-05-17 12:56:43,103599,103603.0,4.944387686444465
2025-05-17 12:56:53,103595,103601.33333333333,5.213618520704598
2025-05-17 12:57:03,103599,103600.33333333333,4.474676208498075
2025-05-17 12:57:13,103599,103599.33333333333,3.6639107962512707
2025-05-17 12:57:23,103599,103598.33333333333,3.6514837028516474
2025-05-17 12:57:33,103595,103597.66666666667,3.9504506711609797
2025-05-17 12:58:44,103605,103598.66666666667,3.9504506711609797
2025-05-17 12:58:54,103605,103600.33333333333,3.9504506711609797
2025-05-17 12:59:04,103605,103601.33333333333,3.9504506711609797
2025-05-17 12:59:14,103605,103602.33333333333,3.9504506711609797
2025-05-17 12:59:24,103605,103603.33333333333,3.9504506711609797
2025-05-17 12:59:34,103608,103605.5,4.399552307331941
2025-05-17 12:59:44,103608,103606.0,4.677476646371912
